gabriel,5a,Slöjd,Idrott,Bild,Matematik
gabriel6,5a,Slöjd,Idrott,Bild,Matematik
gabriel1,5a,Slöjd,Idrott,Bild,Matematik
gabriel2,5a,Slöjd,Idrott,Bild,Matematik
gabriel3,5a,Slöjd,Idrott,Bild,Matematik
gabriel4,5a,Slöjd,Idrott,Bild,Matematik
gabriel5,5a,Slöjd,Idrott,Bild,Matematik
helen1,5b,Bild,Idrott,Slöjd,Matematik
helen2,5b,Bild,Idrott,Slöjd,Matematik
helen3,5b,Bild,Idrott,Slöjd,Matematik
helen4,5b,Bild,Idrott,Slöjd,Matematik
helen5,5b,Bild,Idrott,Slöjd,Matematik
helen6,5b,Bild,Idrott,Slöjd,Matematik
